Title,Media URL,Pinterest board,Thumbnail,Description,Link,Publish date,Keywords
Will Work for Biltong Funny T-Shirt,https://sonneblomdigitaal.co.za/pins/tee-biltong.jpg,South African Gifts,,Will work for biltong. Payment accepted in droëwors.,https://www.etsy.com/listing/4587085708,,"south african gift, saffa, afrikaans gift"
It's Not Cold It's Just Not South Africa Funny Hoodie,https://sonneblomdigitaal.co.za/pins/hoodie-not-cold.jpg,South African Gifts,,It's not cold. It's just not South Africa. A hoodie for Saffas surviving their first northern winter.,https://www.etsy.com/listing/4587081125,,"south african gift, saffa, afrikaans gift"
I Survived Loadshedding Funny T-Shirt,https://sonneblomdigitaal.co.za/pins/tee-loadshedding.jpg,South African Gifts,,I survived loadshedding (and all I got was this T-shirt). For everyone who cooked by torchlight.,https://www.etsy.com/listing/4587085566,,"south african gift, saffa, afrikaans gift"
Home Is Where the Braai Is Doormat,https://sonneblomdigitaal.co.za/pins/doormat-braai.jpg,South African Gifts,,"Home is where the braai is. A welcome mat for every South African home, wherever it is.",https://www.etsy.com/listing/4587079883,,"south african gift, saffa, afrikaans gift"
South Africa Out of Me Expat T-Shirt,https://sonneblomdigitaal.co.za/pins/tee-take-me-out.jpg,South African Gifts,,"You can take me out of South Africa, but you can't take South Africa out of me.",https://www.etsy.com/listing/4587081731,,"south african gift, saffa, afrikaans gift"
Ho Ho Howzit Christmas Sweatshirt,https://sonneblomdigitaal.co.za/pins/crew-ho-ho-howzit.jpg,South African Gifts,,Ho Ho Howzit! A South African Christmas jumper for braai-side carols and snowy Christmases far from home.,https://www.etsy.com/listing/4587084786,,"south african gift, saffa, afrikaans gift"
Rooibos O'Clock Mug,https://sonneblomdigitaal.co.za/pins/mug-rooibos.jpg,South African Gifts,,Rooibos o'clock: the best time of day. For the rooibos lover far from home.,https://www.etsy.com/listing/4587080803,,"south african gift, saffa, afrikaans gift"
Jy Is My Sonskyn Afrikaans Baby Bodysuit,https://sonneblomdigitaal.co.za/pins/baby-sonskyn.jpg,South African Gifts,,Jy is my sonskyn (you are my sunshine). An Afrikaans baby bodysuit with a sunflower.,https://www.etsy.com/listing/4587084938,,"south african gift, saffa, afrikaans gift"
Will Work for Biltong Braai Apron,https://sonneblomdigitaal.co.za/pins/apron-biltong.jpg,South African Gifts,,Will work for biltong. A braai apron for the one at the fire.,https://www.etsy.com/listing/4587080715,,"south african gift, saffa, afrikaans gift"
Koffie Eers Afrikaans Funny Mug,https://sonneblomdigitaal.co.za/pins/mug-koffie-eers.jpg,South African Gifts,,Koffie eers. Dan praat ons. (Coffee first. Then we talk.),https://www.etsy.com/listing/4587081415,,"south african gift, saffa, afrikaans gift"
Aweh Dictionary Sticker,https://sonneblomdigitaal.co.za/pins/sticker-slang-aweh.jpg,South African Gifts,,"aweh [ah-WEH], greeting: Hello; yes; all good. Cape Town in one word. ""Aweh, my bru!"" Part of our South African Dictionary series: the words every Saffa knows, wherever in the world they live now.",https://www.etsy.com/listing/4587044054,2026-10-08T13:00:00,"south african gift, saffa, afrikaans gift"
Sharp Sharp Dictionary Sticker,https://sonneblomdigitaal.co.za/pins/sticker-slang-sharp-sharp.jpg,South African Gifts,,"sharp sharp [shaap shaap], interjection: All good, cool; see you later. ""Sharp sharp, chat tomorrow!"" Part of our South African Dictionary series: the words every Saffa knows, wherever in the world they live now.",https://www.etsy.com/listing/4587040345,2026-10-08T13:30:00,"south african gift, saffa, afrikaans gift"
Babbelas Dictionary Sticker,https://sonneblomdigitaal.co.za/pins/sticker-slang-babbelas.jpg,South African Gifts,,"babbelas [BUB-buh-lus], noun: A hangover. ""Sorry, I have a serious babbelas."" Part of our South African Dictionary series: the words every Saffa knows, wherever in the world they live now.",https://www.etsy.com/listing/4587040391,2026-10-08T14:00:00,"south african gift, saffa, afrikaans gift"
Jislaaik Dictionary Sticker,https://sonneblomdigitaal.co.za/pins/sticker-slang-jislaaik.jpg,South African Gifts,,"jislaaik [YIS-like], interjection: Wow! An expression of amazement. ""Jislaaik, that's a big spider!"" Part of our South African Dictionary series: the words every Saffa knows, wherever in the world they live now.",https://www.etsy.com/listing/4587040447,2026-10-08T14:30:00,"south african gift, saffa, afrikaans gift"
Eish South African Slang Dictionary Phone Case,https://sonneblomdigitaal.co.za/pins/phone-eish.jpg,South African Gifts,,"eish [aysh], interjection: Used to express surprise, frustration or resignation. From our South African Dictionary series.",https://www.etsy.com/listing/4587080025,2026-10-08T15:00:00,"south african gift, saffa, afrikaans gift"
Ho Ho Howzit Christmas Cards,https://sonneblomdigitaal.co.za/pins/card-ho-ho-howzit.jpg,South African Gifts,,Ho Ho Howzit! Christmas cards for sending South African cheer to family and friends.,https://www.etsy.com/listing/4587085132,2026-10-08T15:30:00,"south african gift, saffa, afrikaans gift"
Ho Ho Howzit Christmas Mug,https://sonneblomdigitaal.co.za/pins/mug-ho-ho-howzit.jpg,South African Gifts,,Ho Ho Howzit! Merry Christmas from South Africa.,https://www.etsy.com/listing/4587085214,2026-10-08T16:00:00,"south african gift, saffa, afrikaans gift"
Ho Ho Howzit Christmas Ornament,https://sonneblomdigitaal.co.za/pins/ornament-ho-ho-howzit.jpg,South African Gifts,,Ho Ho Howzit! A ceramic keepsake ornament for South African families at home and abroad.,https://www.etsy.com/listing/4587085322,2026-10-08T16:30:00,"south african gift, saffa, afrikaans gift"
Geseënde Kersfees Afrikaans Christmas Cards,https://sonneblomdigitaal.co.za/pins/card-geseende-kersfees.jpg,South African Gifts,,Geseënde Kersfees en 'n voorspoedige Nuwejaar: Afrikaans Christmas cards (Merry Christmas and a prosperous New Year).,https://www.etsy.com/listing/4587080369,2026-10-09T13:00:00,"south african gift, saffa, afrikaans gift"
I Survived Loadshedding Funny Mug,https://sonneblomdigitaal.co.za/pins/mug-loadshedding.jpg,South African Gifts,,I survived loadshedding (and all I got was this mug).,https://www.etsy.com/listing/4587085642,2026-10-09T13:30:00,"south african gift, saffa, afrikaans gift"
Jy Is My Sonskyn Afrikaans Nursery Print,https://sonneblomdigitaal.co.za/pins/poster-sonskyn.jpg,South African Gifts,,Jy is my sonskyn (you are my sunshine). A sunflower nursery print in Afrikaans.,https://www.etsy.com/listing/4587086302,2026-10-09T14:00:00,"south african gift, saffa, afrikaans gift"
Ouma se Skattebol Afrikaans Baby Bodysuit,https://sonneblomdigitaal.co.za/pins/baby-ouma-se-skattebol.jpg,South African Gifts,,Ouma se skattebol (grandma's little treasure). An Afrikaans baby bodysuit.,https://www.etsy.com/listing/4587081279,2026-10-09T14:30:00,"south african gift, saffa, afrikaans gift"
Oupa se Maatjie Afrikaans Baby Bodysuit,https://sonneblomdigitaal.co.za/pins/baby-oupa-se-maatjie.jpg,South African Gifts,,Oupa se maatjie (grandpa's little buddy). An Afrikaans baby bodysuit.,https://www.etsy.com/listing/4587086480,2026-10-09T15:00:00,"south african gift, saffa, afrikaans gift"
Lekker Afrikaans Sunflower Tote Bag,https://sonneblomdigitaal.co.za/pins/tote-lekker.jpg,South African Gifts,,"Lekker: the one Afrikaans word every South African knows, on a sunflower tote.",https://www.etsy.com/listing/4587086662,2026-10-09T15:30:00,"south african gift, saffa, afrikaans gift"
Ek Is Lief Vir Jou Tot by Die Maan en Terug Nursery Print,https://sonneblomdigitaal.co.za/pins/poster-maan-en-terug.jpg,South African Gifts,,Ek is lief vir jou tot by die maan en terug (I love you to the moon and back). An Afrikaans nursery print.,https://www.etsy.com/listing/4587086750,2026-10-09T16:00:00,"south african gift, saffa, afrikaans gift"
